Feature Index Set,feature_idx,cv_scores,avg_score,feature_names,ci_bound,std_dev,std_err
48,"(0, 1, 2, 3, 4, 5, 6, 7, 8, 9, 10, 11, 13, 15, 17, 19, 22, 25, 26, 27, 28, 32, 35, 38, 39, 40, 42, 43, 44, 48, 49, 50, 51, 52, 53, 54, 56, 57, 58, 59, 60, 61, 62, 63, 64, 65, 66, 67)",[0.90434783 0.86462882 0.83842795 0.87772926 0.83842795],0.8647123599772166,"('0', '1', '2', '3', '4', '5', '6', '7', '8', '9', '10', '11', '13', '15', '17', '19', '22', '25', '26', '27', '28', '32', '35', '38', '39', '40', '42', '43', '44', '48', '49', '50', '51', '52', '53', '54', '56', '57', '58', '59', '60', '61', '62', '63', '64', '65', '66', '67')",0.03211765558288034,0.024988627195313577,0.012494313597656787
49,"(0, 1, 2, 3, 4, 5, 6, 7, 8, 9, 10, 11, 13, 15, 17, 19, 22, 25, 26, 27, 28, 32, 33, 35, 38, 39, 40, 42, 43, 44, 48, 49, 50, 51, 52, 53, 54, 56, 57, 58, 59, 60, 61, 62, 63, 64, 65, 66, 67)",[0.90869565 0.86899563 0.83406114 0.87772926 0.83406114],0.864708562749193,"('0', '1', '2', '3', '4', '5', '6', '7', '8', '9', '10', '11', '13', '15', '17', '19', '22', '25', '26', '27', '28', '32', '33', '35', '38', '39', '40', '42', '43', '44', '48', '49', '50', '51', '52', '53', '54', '56', '57', '58', '59', '60', '61', '62', '63', '64', '65', '66', '67')",0.03635947441520107,0.028288906356642607,0.014144453178321302
50,"(0, 1, 2, 3, 4, 5, 6, 7, 8, 9, 10, 11, 13, 15, 16, 17, 19, 22, 25, 26, 27, 28, 32, 33, 35, 38, 39, 40, 42, 43, 44, 48, 49, 50, 51, 52, 53, 54, 56, 57, 58, 59, 60, 61, 62, 63, 64, 65, 66, 67)",[0.9        0.86462882 0.83842795 0.87772926 0.83406114],0.8629694323144106,"('0', '1', '2', '3', '4', '5', '6', '7', '8', '9', '10', '11', '13', '15', '16', '17', '19', '22', '25', '26', '27', '28', '32', '33', '35', '38', '39', '40', '42', '43', '44', '48', '49', '50', '51', '52', '53', '54', '56', '57', '58', '59', '60', '61', '62', '63', '64', '65', '66', '67')",0.031639273553070425,0.02461642972376994,0.01230821486188497
47,"(0, 1, 2, 3, 4, 5, 6, 7, 8, 9, 10, 11, 13, 15, 17, 19, 22, 25, 26, 27, 28, 32, 35, 38, 39, 40, 42, 43, 44, 48, 49, 50, 51, 52, 53, 54, 56, 57, 58, 59, 60, 61, 62, 63, 64, 66, 67)",[0.9        0.86026201 0.83842795 0.87772926 0.83842795],0.8629694323144106,"('0', '1', '2', '3', '4', '5', '6', '7', '8', '9', '10', '11', '13', '15', '17', '19', '22', '25', '26', '27', '28', '32', '35', '38', '39', '40', '42', '43', '44', '48', '49', '50', '51', '52', '53', '54', '56', '57', '58', '59', '60', '61', '62', '63', '64', '66', '67')",0.030421043913750428,0.02366860567675341,0.011834302838376703
51,"(0, 1, 2, 3, 4, 5, 6, 7, 8, 9, 10, 11, 13, 15, 16, 17, 19, 20, 22, 25, 26, 27, 28, 32, 33, 35, 38, 39, 40, 42, 43, 44, 48, 49, 50, 51, 52, 53, 54, 56, 57, 58, 59, 60, 61, 62, 63, 64, 65, 66, 67)",[0.9        0.86462882 0.83406114 0.87772926 0.83842795],0.8629694323144104,"('0', '1', '2', '3', '4', '5', '6', '7', '8', '9', '10', '11', '13', '15', '16', '17', '19', '20', '22', '25', '26', '27', '28', '32', '33', '35', '38', '39', '40', '42', '43', '44', '48', '49', '50', '51', '52', '53', '54', '56', '57', '58', '59', '60', '61', '62', '63', '64', '65', '66', '67')",0.031639273553070425,0.02461642972376994,0.01230821486188497
53,"(0, 1, 2, 3, 4, 5, 6, 7, 8, 9, 10, 11, 12, 13, 15, 16, 17, 18, 19, 20, 22, 25, 26, 27, 28, 32, 33, 35, 38, 39, 40, 42, 43, 44, 48, 49, 50, 51, 52, 53, 54, 56, 57, 58, 59, 60, 61, 62, 63, 64, 65, 66, 67)",[0.90869565 0.86899563 0.82969432 0.87336245 0.83406114],0.8629618378583634,"('0', '1', '2', '3', '4', '5', '6', '7', '8', '9', '10', '11', '12', '13', '15', '16', '17', '18', '19', '20', '22', '25', '26', '27', '28', '32', '33', '35', '38', '39', '40', '42', '43', '44', '48', '49', '50', '51', '52', '53', '54', '56', '57', '58', '59', '60', '61', '62', '63', '64', '65', '66', '67')",0.0371541979712544,0.028907228282858664,0.014453614141429334
46,"(0, 1, 2, 3, 4, 5, 6, 7, 8, 9, 10, 11, 13, 15, 17, 22, 25, 26, 27, 28, 32, 35, 38, 39, 40, 42, 43, 44, 48, 49, 50, 51, 52, 53, 54, 56, 57, 58, 59, 60, 61, 62, 63, 64, 66, 67)",[0.89565217 0.86462882 0.83406114 0.87772926 0.83842795],0.8620998670970191,"('0', '1', '2', '3', '4', '5', '6', '7', '8', '9', '10', '11', '13', '15', '17', '22', '25', '26', '27', '28', '32', '35', '38', '39', '40', '42', '43', '44', '48', '49', '50', '51', '52', '53', '54', '56', '57', '58', '59', '60', '61', '62', '63', '64', '66', '67')",0.029994190608264137,0.023336499303348936,0.011668249651674468
52,"(0, 1, 2, 3, 4, 5, 6, 7, 8, 9, 10, 11, 13, 15, 16, 17, 18, 19, 20, 22, 25, 26, 27, 28, 32, 33, 35, 38, 39, 40, 42, 43, 44, 48, 49, 50, 51, 52, 53, 54, 56, 57, 58, 59, 60, 61, 62, 63, 64, 65, 66, 67)",[0.9        0.86899563 0.82969432 0.87772926 0.82969432],0.861222707423581,"('0', '1', '2', '3', '4', '5', '6', '7', '8', '9', '10', '11', '13', '15', '16', '17', '18', '19', '20', '22', '25', '26', '27', '28', '32', '33', '35', '38', '39', '40', '42', '43', '44', '48', '49', '50', '51', '52', '53', '54', '56', '57', '58', '59', '60', '61', '62', '63', '64', '65', '66', '67')",0.035547722084374095,0.02765733546512416,0.01382866773256208
54,"(0, 1, 2, 3, 4, 5, 6, 7, 8, 9, 10, 11, 12, 13, 15, 16, 17, 18, 19, 20, 22, 25, 26, 27, 28, 31, 32, 33, 35, 38, 39, 40, 42, 43, 44, 48, 49, 50, 51, 52, 53, 54, 56, 57, 58, 59, 60, 61, 62, 63, 64, 65, 66, 67)",[0.90434783 0.86899563 0.8209607  0.87772926 0.83406114],0.8612189101955574,"('0', '1', '2', '3', '4', '5', '6', '7', '8', '9', '10', '11', '12', '13', '15', '16', '17', '18', '19', '20', '22', '25', '26', '27', '28', '31', '32', '33', '35', '38', '39', '40', '42', '43', '44', '48', '49', '50', '51', '52', '53', '54', '56', '57', '58', '59', '60', '61', '62', '63', '64', '65', '66', '67')",0.03877848885693314,0.03017098177489769,0.015085490887448845
42,"(0, 1, 2, 3, 4, 5, 6, 7, 8, 9, 10, 11, 15, 17, 22, 26, 27, 28, 35, 38, 39, 42, 43, 44, 48, 49, 50, 51, 52, 53, 54, 56, 57, 58, 59, 60, 61, 62, 63, 64, 66, 67)",[0.89565217 0.87336245 0.83406114 0.86899563 0.82969432],0.8603531422061895,"('0', '1', '2', '3', '4', '5', '6', '7', '8', '9', '10', '11', '15', '17', '22', '26', '27', '28', '35', '38', '39', '42', '43', '44', '48', '49', '50', '51', '52', '53', '54', '56', '57', '58', '59', '60', '61', '62', '63', '64', '66', '67')",0.03211267435096156,0.024984751627650466,0.012492375813825233
45,"(0, 1, 2, 3, 4, 5, 6, 7, 8, 9, 10, 11, 13, 15, 17, 22, 26, 27, 28, 32, 35, 38, 39, 40, 42, 43, 44, 48, 49, 50, 51, 52, 53, 54, 56, 57, 58, 59, 60, 61, 62, 63, 64, 66, 67)",[0.9        0.87336245 0.82969432 0.86899563 0.82969432],0.860349344978166,"('0', '1', '2', '3', '4', '5', '6', '7', '8', '9', '10', '11', '13', '15', '17', '22', '26', '27', '28', '32', '35', '38', '39', '40', '42', '43', '44', '48', '49', '50', '51', '52', '53', '54', '56', '57', '58', '59', '60', '61', '62', '63', '64', '66', '67')",0.034943532317474046,0.027187255299984822,0.013593627649992411
55,"(0, 1, 2, 3, 4, 5, 6, 7, 8, 9, 10, 11, 12, 13, 15, 16, 17, 18, 19, 20, 22, 25, 26, 27, 28, 31, 32, 33, 35, 38, 39, 40, 42, 43, 44, 48, 49, 50, 51, 52, 53, 54, 55, 56, 57, 58, 59, 60, 61, 62, 63, 64, 65, 66, 67)",[0.90434783 0.86899563 0.82532751 0.87336245 0.82969432],0.8603455477501425,"('0', '1', '2', '3', '4', '5', '6', '7', '8', '9', '10', '11', '12', '13', '15', '16', '17', '18', '19', '20', '22', '25', '26', '27', '28', '31', '32', '33', '35', '38', '39', '40', '42', '43', '44', '48', '49', '50', '51', '52', '53', '54', '55', '56', '57', '58', '59', '60', '61', '62', '63', '64', '65', '66', '67')",0.03789418038450285,0.029482959740219784,0.01474147987010989
43,"(0, 1, 2, 3, 4, 5, 6, 7, 8, 9, 10, 11, 15, 17, 22, 26, 27, 28, 32, 35, 38, 39, 42, 43, 44, 48, 49, 50, 51, 52, 53, 54, 56, 57, 58, 59, 60, 61, 62, 63, 64, 66, 67)",[0.89565217 0.86899563 0.83406114 0.86899563 0.82969432],0.8594797797607747,"('0', '1', '2', '3', '4', '5', '6', '7', '8', '9', '10', '11', '15', '17', '22', '26', '27', '28', '32', '35', '38', '39', '42', '43', '44', '48', '49', '50', '51', '52', '53', '54', '56', '57', '58', '59', '60', '61', '62', '63', '64', '66', '67')",0.031602614009305016,0.024587907353264403,0.0122939536766322
36,"(0, 1, 2, 3, 4, 5, 6, 7, 8, 9, 10, 11, 26, 27, 28, 35, 38, 39, 42, 44, 48, 49, 50, 51, 52, 53, 54, 56, 57, 58, 59, 60, 61, 62, 63, 66)",[0.9        0.87336245 0.82532751 0.86899563 0.82969432],0.8594759825327511,"('0', '1', '2', '3', '4', '5', '6', '7', '8', '9', '10', '11', '26', '27', '28', '35', '38', '39', '42', '44', '48', '49', '50', '51', '52', '53', '54', '56', '57', '58', '59', '60', '61', '62', '63', '66')",0.03625668281781234,0.028208931001675326,0.014104465500837661
30,"(0, 1, 2, 3, 4, 5, 6, 7, 8, 9, 10, 11, 26, 27, 28, 35, 38, 39, 42, 44, 48, 49, 50, 51, 52, 53, 54, 59, 60, 66)",[0.9        0.87336245 0.82532751 0.86899563 0.82969432],0.8594759825327511,"('0', '1', '2', '3', '4', '5', '6', '7', '8', '9', '10', '11', '26', '27', '28', '35', '38', '39', '42', '44', '48', '49', '50', '51', '52', '53', '54', '59', '60', '66')",0.03625668281781234,0.028208931001675326,0.014104465500837661
29,"(0, 1, 2, 3, 4, 5, 6, 7, 8, 9, 10, 11, 26, 27, 28, 35, 38, 39, 42, 44, 48, 49, 50, 51, 52, 53, 59, 60, 66)",[0.9        0.87336245 0.82532751 0.86899563 0.82969432],0.8594759825327511,"('0', '1', '2', '3', '4', '5', '6', '7', '8', '9', '10', '11', '26', '27', '28', '35', '38', '39', '42', '44', '48', '49', '50', '51', '52', '53', '59', '60', '66')",0.03625668281781234,0.028208931001675326,0.014104465500837661
31,"(0, 1, 2, 3, 4, 5, 6, 7, 8, 9, 10, 11, 26, 27, 28, 35, 38, 39, 42, 44, 48, 49, 50, 51, 52, 53, 54, 56, 59, 60, 66)",[0.9        0.87336245 0.82532751 0.86899563 0.82969432],0.8594759825327511,"('0', '1', '2', '3', '4', '5', '6', '7', '8', '9', '10', '11', '26', '27', '28', '35', '38', '39', '42', '44', '48', '49', '50', '51', '52', '53', '54', '56', '59', '60', '66')",0.03625668281781234,0.028208931001675326,0.014104465500837661
33,"(0, 1, 2, 3, 4, 5, 6, 7, 8, 9, 10, 11, 26, 27, 28, 35, 38, 39, 42, 44, 48, 49, 50, 51, 52, 53, 54, 56, 58, 59, 60, 61, 66)",[0.9        0.87336245 0.82532751 0.86899563 0.82969432],0.8594759825327511,"('0', '1', '2', '3', '4', '5', '6', '7', '8', '9', '10', '11', '26', '27', '28', '35', '38', '39', '42', '44', '48', '49', '50', '51', '52', '53', '54', '56', '58', '59', '60', '61', '66')",0.03625668281781234,0.028208931001675326,0.014104465500837661
34,"(0, 1, 2, 3, 4, 5, 6, 7, 8, 9, 10, 11, 26, 27, 28, 35, 38, 39, 42, 44, 48, 49, 50, 51, 52, 53, 54, 56, 58, 59, 60, 61, 62, 66)",[0.9        0.87336245 0.82532751 0.86899563 0.82969432],0.8594759825327511,"('0', '1', '2', '3', '4', '5', '6', '7', '8', '9', '10', '11', '26', '27', '28', '35', '38', '39', '42', '44', '48', '49', '50', '51', '52', '53', '54', '56', '58', '59', '60', '61', '62', '66')",0.03625668281781234,0.028208931001675326,0.014104465500837661
35,"(0, 1, 2, 3, 4, 5, 6, 7, 8, 9, 10, 11, 26, 27, 28, 35, 38, 39, 42, 44, 48, 49, 50, 51, 52, 53, 54, 56, 57, 58, 59, 60, 61, 62, 66)",[0.9        0.87336245 0.82532751 0.86899563 0.82969432],0.8594759825327511,"('0', '1', '2', '3', '4', '5', '6', '7', '8', '9', '10', '11', '26', '27', '28', '35', '38', '39', '42', '44', '48', '49', '50', '51', '52', '53', '54', '56', '57', '58', '59', '60', '61', '62', '66')",0.03625668281781234,0.028208931001675326,0.014104465500837661
37,"(0, 1, 2, 3, 4, 5, 6, 7, 8, 9, 10, 11, 26, 27, 28, 35, 38, 39, 42, 44, 48, 49, 50, 51, 52, 53, 54, 56, 57, 58, 59, 60, 61, 62, 63, 64, 66)",[0.9        0.87336245 0.82532751 0.86899563 0.82969432],0.8594759825327511,"('0', '1', '2', '3', '4', '5', '6', '7', '8', '9', '10', '11', '26', '27', '28', '35', '38', '39', '42', '44', '48', '49', '50', '51', '52', '53', '54', '56', '57', '58', '59', '60', '61', '62', '63', '64', '66')",0.03625668281781234,0.028208931001675326,0.014104465500837661
38,"(0, 1, 2, 3, 4, 5, 6, 7, 8, 9, 10, 11, 26, 27, 28, 35, 38, 39, 42, 44, 48, 49, 50, 51, 52, 53, 54, 56, 57, 58, 59, 60, 61, 62, 63, 64, 66, 67)",[0.9        0.87336245 0.82532751 0.86899563 0.82969432],0.8594759825327511,"('0', '1', '2', '3', '4', '5', '6', '7', '8', '9', '10', '11', '26', '27', '28', '35', '38', '39', '42', '44', '48', '49', '50', '51', '52', '53', '54', '56', '57', '58', '59', '60', '61', '62', '63', '64', '66', '67')",0.03625668281781234,0.028208931001675326,0.014104465500837661
40,"(0, 1, 2, 3, 4, 5, 6, 7, 8, 9, 10, 11, 15, 17, 26, 27, 28, 35, 38, 39, 42, 44, 48, 49, 50, 51, 52, 53, 54, 56, 57, 58, 59, 60, 61, 62, 63, 64, 66, 67)",[0.9        0.87336245 0.82969432 0.86462882 0.82969432],0.8594759825327511,"('0', '1', '2', '3', '4', '5', '6', '7', '8', '9', '10', '11', '15', '17', '26', '27', '28', '35', '38', '39', '42', '44', '48', '49', '50', '51', '52', '53', '54', '56', '57', '58', '59', '60', '61', '62', '63', '64', '66', '67')",0.03465748796012075,0.026964703072012288,0.013482351536006142
27,"(0, 1, 2, 3, 4, 5, 6, 7, 8, 9, 10, 11, 26, 27, 28, 35, 38, 39, 42, 48, 49, 50, 51, 52, 59, 60, 66)",[0.9        0.87336245 0.82532751 0.86899563 0.82969432],0.8594759825327511,"('0', '1', '2', '3', '4', '5', '6', '7', '8', '9', '10', '11', '26', '27', '28', '35', '38', '39', '42', '48', '49', '50', '51', '52', '59', '60', '66')",0.03625668281781234,0.028208931001675326,0.014104465500837661
56,"(0, 1, 2, 3, 4, 5, 6, 7, 8, 9, 10, 11, 12, 13, 15, 16, 17, 18, 19, 20, 22, 23, 25, 26, 27, 28, 31, 32, 33, 35, 38, 39, 40, 42, 43, 44, 48, 49, 50, 51, 52, 53, 54, 55, 56, 57, 58, 59, 60, 61, 62, 63, 64, 65, 66, 67)",[0.9        0.86462882 0.8209607  0.87336245 0.83842795],0.8594759825327511,"('0', '1', '2', '3', '4', '5', '6', '7', '8', '9', '10', '11', '12', '13', '15', '16', '17', '18', '19', '20', '22', '23', '25', '26', '27', '28', '31', '32', '33', '35', '38', '39', '40', '42', '43', '44', '48', '49', '50', '51', '52', '53', '54', '55', '56', '57', '58', '59', '60', '61', '62', '63', '64', '65', '66', '67')",0.03537716707824002,0.027524637875987218,0.013762318937993607
28,"(0, 1, 2, 3, 4, 5, 6, 7, 8, 9, 10, 11, 26, 27, 28, 35, 38, 39, 42, 44, 48, 49, 50, 51, 52, 59, 60, 66)",[0.9        0.87336245 0.82532751 0.86899563 0.82969432],0.8594759825327511,"('0', '1', '2', '3', '4', '5', '6', '7', '8', '9', '10', '11', '26', '27', '28', '35', '38', '39', '42', '44', '48', '49', '50', '51', '52', '59', '60', '66')",0.03625668281781234,0.028208931001675326,0.014104465500837661
32,"(0, 1, 2, 3, 4, 5, 6, 7, 8, 9, 10, 11, 26, 27, 28, 35, 38, 39, 42, 44, 48, 49, 50, 51, 52, 53, 54, 56, 58, 59, 60, 66)",[0.9        0.87336245 0.82532751 0.86899563 0.82969432],0.8594759825327511,"('0', '1', '2', '3', '4', '5', '6', '7', '8', '9', '10', '11', '26', '27', '28', '35', '38', '39', '42', '44', '48', '49', '50', '51', '52', '53', '54', '56', '58', '59', '60', '66')",0.03625668281781234,0.028208931001675326,0.014104465500837661
41,"(0, 1, 2, 3, 4, 5, 6, 7, 8, 9, 10, 11, 15, 17, 26, 27, 28, 35, 38, 39, 42, 43, 44, 48, 49, 50, 51, 52, 53, 54, 56, 57, 58, 59, 60, 61, 62, 63, 64, 66, 67)",[0.89130435 0.87336245 0.82532751 0.87336245 0.82969432],0.8586102145433834,"('0', '1', '2', '3', '4', '5', '6', '7', '8', '9', '10', '11', '15', '17', '26', '27', '28', '35', '38', '39', '42', '43', '44', '48', '49', '50', '51', '52', '53', '54', '56', '57', '58', '59', '60', '61', '62', '63', '64', '66', '67')",0.03375219037156463,0.026260350791913002,0.013130175395956501
44,"(0, 1, 2, 3, 4, 5, 6, 7, 8, 9, 10, 11, 13, 15, 17, 22, 26, 27, 28, 32, 35, 38, 39, 42, 43, 44, 48, 49, 50, 51, 52, 53, 54, 56, 57, 58, 59, 60, 61, 62, 63, 64, 66, 67)",[0.89565217 0.86462882 0.82969432 0.87336245 0.82969432],0.8586064173153598,"('0', '1', '2', '3', '4', '5', '6', '7', '8', '9', '10', '11', '13', '15', '17', '22', '26', '27', '28', '32', '35', '38', '39', '42', '43', '44', '48', '49', '50', '51', '52', '53', '54', '56', '57', '58', '59', '60', '61', '62', '63', '64', '66', '67')",0.0330107958624452,0.025683520675990314,0.012841760337995157
39,"(0, 1, 2, 3, 4, 5, 6, 7, 8, 9, 10, 11, 17, 26, 27, 28, 35, 38, 39, 42, 44, 48, 49, 50, 51, 52, 53, 54, 56, 57, 58, 59, 60, 61, 62, 63, 64, 66, 67)",[0.89565217 0.87336245 0.82532751 0.86899563 0.82969432],0.8586064173153598,"('0', '1', '2', '3', '4', '5', '6', '7', '8', '9', '10', '11', '17', '26', '27', '28', '35', '38', '39', '42', '44', '48', '49', '50', '51', '52', '53', '54', '56', '57', '58', '59', '60', '61', '62', '63', '64', '66', '67')",0.03468599459028907,0.026986882198755602,0.013493441099377801
26,"(0, 1, 2, 3, 4, 5, 6, 7, 8, 9, 10, 11, 26, 27, 35, 38, 39, 42, 48, 49, 50, 51, 52, 59, 60, 66)",[0.9        0.86899563 0.82532751 0.86899563 0.82969432],0.8586026200873362,"('0', '1', '2', '3', '4', '5', '6', '7', '8', '9', '10', '11', '26', '27', '35', '38', '39', '42', '48', '49', '50', '51', '52', '59', '60', '66')",0.03577034143256495,0.02783054088119351,0.013915270440596756
57,"(0, 1, 2, 3, 4, 5, 6, 7, 8, 9, 10, 11, 12, 13, 15, 16, 17, 18, 19, 20, 22, 23, 25, 26, 27, 28, 29, 31, 32, 33, 35, 38, 39, 40, 42, 43, 44, 48, 49, 50, 51, 52, 53, 54, 55, 56, 57, 58, 59, 60, 61, 62, 63, 64, 65, 66, 67)",[0.89130435 0.8558952  0.8209607  0.86899563 0.84279476],0.8559901272071387,"('0', '1', '2', '3', '4', '5', '6', '7', '8', '9', '10', '11', '12', '13', '15', '16', '17', '18', '19', '20', '22', '23', '25', '26', '27', '28', '29', '31', '32', '33', '35', '38', '39', '40', '42', '43', '44', '48', '49', '50', '51', '52', '53', '54', '55', '56', '57', '58', '59', '60', '61', '62', '63', '64', '65', '66', '67')",0.030510028638204498,0.023737838815508585,0.01186891940775429
25,"(0, 1, 2, 3, 4, 5, 6, 7, 8, 9, 10, 11, 26, 27, 35, 38, 39, 48, 49, 50, 51, 52, 59, 60, 66)",[0.9        0.87772926 0.81659389 0.8558952  0.82969432],0.8559825327510918,"('0', '1', '2', '3', '4', '5', '6', '7', '8', '9', '10', '11', '26', '27', '35', '38', '39', '48', '49', '50', '51', '52', '59', '60', '66')",0.039208749089207795,0.030505738853089017,0.015252869426544507
24,"(0, 1, 2, 3, 4, 5, 6, 7, 8, 9, 10, 11, 26, 35, 38, 39, 48, 49, 50, 51, 52, 59, 60, 66)",[0.9        0.86462882 0.81222707 0.86462882 0.82969432],0.854235807860262,"('0', '1', '2', '3', '4', '5', '6', '7', '8', '9', '10', '11', '26', '35', '38', '39', '48', '49', '50', '51', '52', '59', '60', '66')",0.03931145382384858,0.030585646625887367,0.01529282331294368
58,"(0, 1, 2, 3, 4, 5, 6, 7, 8, 9, 10, 11, 12, 13, 15, 16, 17, 18, 19, 20, 22, 23, 25, 26, 27, 28, 29, 31, 32, 33, 34, 35, 38, 39, 40, 42, 43, 44, 48, 49, 50, 51, 52, 53, 54, 55, 56, 57, 58, 59, 60, 61, 62, 63, 64, 65, 66, 67)",[0.88695652 0.83406114 0.8209607  0.87336245 0.84279476],0.8516271122080882,"('0', '1', '2', '3', '4', '5', '6', '7', '8', '9', '10', '11', '12', '13', '15', '16', '17', '18', '19', '20', '22', '23', '25', '26', '27', '28', '29', '31', '32', '33', '34', '35', '38', '39', '40', '42', '43', '44', '48', '49', '50', '51', '52', '53', '54', '55', '56', '57', '58', '59', '60', '61', '62', '63', '64', '65', '66', '67')",0.03173182483422703,0.024688437764808398,0.012344218882404197
59,"(0, 1, 2, 3, 4, 5, 6, 7, 8, 9, 10, 11, 12, 13, 15, 16, 17, 18, 19, 20, 21, 22, 23, 25, 26, 27, 28, 29, 31, 32, 33, 34, 35, 38, 39, 40, 42, 43, 44, 48, 49, 50, 51, 52, 53, 54, 55, 56, 57, 58, 59, 60, 61, 62, 63, 64, 65, 66, 67)",[0.89565217 0.85152838 0.80786026 0.86462882 0.83842795],0.851619517752041,"('0', '1', '2', '3', '4', '5', '6', '7', '8', '9', '10', '11', '12', '13', '15', '16', '17', '18', '19', '20', '21', '22', '23', '25', '26', '27', '28', '29', '31', '32', '33', '34', '35', '38', '39', '40', '42', '43', '44', '48', '49', '50', '51', '52', '53', '54', '55', '56', '57', '58', '59', '60', '61', '62', '63', '64', '65', '66', '67')",0.037238030290903924,0.02897245267563025,0.014486226337815124
23,"(0, 1, 2, 3, 4, 5, 6, 7, 8, 9, 10, 11, 35, 38, 39, 48, 49, 50, 51, 52, 59, 60, 66)",[0.89130435 0.86026201 0.81659389 0.86026201 0.82532751],0.8507499525346498,"('0', '1', '2', '3', '4', '5', '6', '7', '8', '9', '10', '11', '35', '38', '39', '48', '49', '50', '51', '52', '59', '60', '66')",0.03467215984107514,0.026976118293851166,0.013488059146925583
60,"(0, 1, 2, 3, 4, 5, 6, 7, 8, 9, 10, 11, 12, 13, 15, 16, 17, 18, 19, 20, 21, 22, 23, 25, 26, 27, 28, 29, 30, 31, 32, 33, 34, 35, 38, 39, 40, 42, 43, 44, 48, 49, 50, 51, 52, 53, 54, 55, 56, 57, 58, 59, 60, 61, 62, 63, 64, 65, 66, 67)",[0.9        0.84716157 0.81659389 0.8558952  0.83406114],0.8507423580786027,"('0', '1', '2', '3', '4', '5', '6', '7', '8', '9', '10', '11', '12', '13', '15', '16', '17', '18', '19', '20', '21', '22', '23', '25', '26', '27', '28', '29', '30', '31', '32', '33', '34', '35', '38', '39', '40', '42', '43', '44', '48', '49', '50', '51', '52', '53', '54', '55', '56', '57', '58', '59', '60', '61', '62', '63', '64', '65', '66', '67')",0.03594253654797257,0.027964514531065656,0.013982257265532828
61,"(0, 1, 2, 3, 4, 5, 6, 7, 8, 9, 10, 11, 12, 13, 14, 15, 16, 17, 18, 19, 20, 21, 22, 23, 25, 26, 27, 28, 29, 30, 31, 32, 33, 34, 35, 38, 39, 40, 42, 43, 44, 48, 49, 50, 51, 52, 53, 54, 55, 56, 57, 58, 59, 60, 61, 62, 63, 64, 65, 66, 67)",[0.90869565 0.83842795 0.80786026 0.85152838 0.83406114],0.848114676286311,"('0', '1', '2', '3', '4', '5', '6', '7', '8', '9', '10', '11', '12', '13', '14', '15', '16', '17', '18', '19', '20', '21', '22', '23', '25', '26', '27', '28', '29', '30', '31', '32', '33', '34', '35', '38', '39', '40', '42', '43', '44', '48', '49', '50', '51', '52', '53', '54', '55', '56', '57', '58', '59', '60', '61', '62', '63', '64', '65', '66', '67')",0.042988939301404995,0.033446855264783776,0.016723427632391888
62,"(0, 1, 2, 3, 4, 5, 6, 7, 8, 9, 10, 11, 12, 13, 14, 15, 16, 17, 18, 19, 20, 21, 22, 23, 25, 26, 27, 28, 29, 30, 31, 32, 33, 34, 35, 38, 39, 40, 42, 43, 44, 45, 48, 49, 50, 51, 52, 53, 54, 55, 56, 57, 58, 59, 60, 61, 62, 63, 64, 65, 66, 67)",[0.9        0.82969432 0.80786026 0.85152838 0.82969432],0.8437554585152839,"('0', '1', '2', '3', '4', '5', '6', '7', '8', '9', '10', '11', '12', '13', '14', '15', '16', '17', '18', '19', '20', '21', '22', '23', '25', '26', '27', '28', '29', '30', '31', '32', '33', '34', '35', '38', '39', '40', '42', '43', '44', '45', '48', '49', '50', '51', '52', '53', '54', '55', '56', '57', '58', '59', '60', '61', '62', '63', '64', '65', '66', '67')",0.040267830146359096,0.03132973989633076,0.01566486994816538
64,"(0, 1, 2, 3, 4, 5, 6, 7, 8, 9, 10, 11, 12, 13, 14, 15, 16, 17, 18, 19, 20, 21, 22, 23, 25, 26, 27, 28, 29, 30, 31, 32, 33, 34, 35, 38, 39, 40, 41, 42, 43, 44, 45, 47, 48, 49, 50, 51, 52, 53, 54, 55, 56, 57, 58, 59, 60, 61, 62, 63, 64, 65, 66, 67)",[0.89130435 0.8209607  0.80786026 0.84716157 0.83842795],0.8411429656350864,"('0', '1', '2', '3', '4', '5', '6', '7', '8', '9', '10', '11', '12', '13', '14', '15', '16', '17', '18', '19', '20', '21', '22', '23', '25', '26', '27', '28', '29', '30', '31', '32', '33', '34', '35', '38', '39', '40', '41', '42', '43', '44', '45', '47', '48', '49', '50', '51', '52', '53', '54', '55', '56', '57', '58', '59', '60', '61', '62', '63', '64', '65', '66', '67')",0.036691944623898416,0.028547579474213318,0.014273789737106657
65,"(0, 1, 2, 3, 4, 5, 6, 7, 8, 9, 10, 11, 12, 13, 14, 15, 16, 17, 18, 19, 20, 21, 22, 23, 24, 25, 26, 27, 28, 29, 30, 31, 32, 33, 34, 35, 38, 39, 40, 41, 42, 43, 44, 45, 47, 48, 49, 50, 51, 52, 53, 54, 55, 56, 57, 58, 59, 60, 61, 62, 63, 64, 65, 66, 67)",[0.89130435 0.81659389 0.80786026 0.84716157 0.83842795],0.8402696031896715,"('0', '1', '2', '3', '4', '5', '6', '7', '8', '9', '10', '11', '12', '13', '14', '15', '16', '17', '18', '19', '20', '21', '22', '23', '24', '25', '26', '27', '28', '29', '30', '31', '32', '33', '34', '35', '38', '39', '40', '41', '42', '43', '44', '45', '47', '48', '49', '50', '51', '52', '53', '54', '55', '56', '57', '58', '59', '60', '61', '62', '63', '64', '65', '66', '67')",0.03754431814892974,0.02921075503487025,0.014605377517435125
63,"(0, 1, 2, 3, 4, 5, 6, 7, 8, 9, 10, 11, 12, 13, 14, 15, 16, 17, 18, 19, 20, 21, 22, 23, 25, 26, 27, 28, 29, 30, 31, 32, 33, 34, 35, 38, 39, 40, 42, 43, 44, 45, 47, 48, 49, 50, 51, 52, 53, 54, 55, 56, 57, 58, 59, 60, 61, 62, 63, 64, 65, 66, 67)",[0.89130435 0.82969432 0.80349345 0.84279476 0.82969432],0.8393962407442567,"('0', '1', '2', '3', '4', '5', '6', '7', '8', '9', '10', '11', '12', '13', '14', '15', '16', '17', '18', '19', '20', '21', '22', '23', '25', '26', '27', '28', '29', '30', '31', '32', '33', '34', '35', '38', '39', '40', '42', '43', '44', '45', '47', '48', '49', '50', '51', '52', '53', '54', '55', '56', '57', '58', '59', '60', '61', '62', '63', '64', '65', '66', '67')",0.03717698735046257,0.028924959194119484,0.01446247959705974
22,"(0, 1, 2, 3, 4, 5, 6, 7, 8, 9, 10, 11, 35, 39, 48, 49, 50, 51, 52, 59, 60, 66)",[0.87826087 0.8209607  0.79475983 0.85152838 0.82532751],0.8341674577558382,"('0', '1', '2', '3', '4', '5', '6', '7', '8', '9', '10', '11', '35', '39', '48', '49', '50', '51', '52', '59', '60', '66')",0.03658523816075338,0.028464558220685613,0.014232279110342807
66,"(0, 1, 2, 3, 4, 5, 6, 7, 8, 9, 10, 11, 12, 13, 14, 15, 16, 17, 18, 19, 20, 21, 22, 23, 24, 25, 26, 27, 28, 29, 30, 31, 32, 33, 34, 35, 37, 38, 39, 40, 41, 42, 43, 44, 45, 47, 48, 49, 50, 51, 52, 53, 54, 55, 56, 57, 58, 59, 60, 61, 62, 63, 64, 65, 66, 67)",[0.87391304 0.79912664 0.80786026 0.84279476 0.84279476],0.8332978925384469,"('0', '1', '2', '3', '4', '5', '6', '7', '8', '9', '10', '11', '12', '13', '14', '15', '16', '17', '18', '19', '20', '21', '22', '23', '24', '25', '26', '27', '28', '29', '30', '31', '32', '33', '34', '35', '37', '38', '39', '40', '41', '42', '43', '44', '45', '47', '48', '49', '50', '51', '52', '53', '54', '55', '56', '57', '58', '59', '60', '61', '62', '63', '64', '65', '66', '67')",0.03470151794106813,0.02699895989304555,0.013499479946522775
15,"(0, 1, 2, 3, 4, 5, 39, 48, 49, 50, 51, 52, 59, 60, 66)",[0.86521739 0.8209607  0.79475983 0.84279476 0.82532751],0.8298120372128347,"('0', '1', '2', '3', '4', '5', '39', '48', '49', '50', '51', '52', '59', '60', '66')",0.0301383860937129,0.02344868828986535,0.011724344144932673
14,"(0, 1, 2, 3, 4, 39, 48, 49, 50, 51, 52, 59, 60, 66)",[0.86521739 0.8209607  0.79475983 0.84279476 0.82532751],0.8298120372128347,"('0', '1', '2', '3', '4', '39', '48', '49', '50', '51', '52', '59', '60', '66')",0.0301383860937129,0.02344868828986535,0.011724344144932673
21,"(0, 1, 2, 3, 4, 5, 6, 7, 8, 9, 10, 11, 39, 48, 49, 50, 51, 52, 59, 60, 66)",[0.86521739 0.8209607  0.79475983 0.84279476 0.82532751],0.8298120372128347,"('0', '1', '2', '3', '4', '5', '6', '7', '8', '9', '10', '11', '39', '48', '49', '50', '51', '52', '59', '60', '66')",0.0301383860937129,0.02344868828986535,0.011724344144932673
20,"(0, 1, 2, 3, 4, 5, 6, 7, 8, 9, 10, 39, 48, 49, 50, 51, 52, 59, 60, 66)",[0.86521739 0.8209607  0.79475983 0.84279476 0.82532751],0.8298120372128347,"('0', '1', '2', '3', '4', '5', '6', '7', '8', '9', '10', '39', '48', '49', '50', '51', '52', '59', '60', '66')",0.0301383860937129,0.02344868828986535,0.011724344144932673
19,"(0, 1, 2, 3, 4, 5, 6, 7, 8, 9, 39, 48, 49, 50, 51, 52, 59, 60, 66)",[0.86521739 0.8209607  0.79475983 0.84279476 0.82532751],0.8298120372128347,"('0', '1', '2', '3', '4', '5', '6', '7', '8', '9', '39', '48', '49', '50', '51', '52', '59', '60', '66')",0.0301383860937129,0.02344868828986535,0.011724344144932673
18,"(0, 1, 2, 3, 4, 5, 6, 7, 8, 39, 48, 49, 50, 51, 52, 59, 60, 66)",[0.86521739 0.8209607  0.79475983 0.84279476 0.82532751],0.8298120372128347,"('0', '1', '2', '3', '4', '5', '6', '7', '8', '39', '48', '49', '50', '51', '52', '59', '60', '66')",0.0301383860937129,0.02344868828986535,0.011724344144932673
17,"(0, 1, 2, 3, 4, 5, 6, 7, 39, 48, 49, 50, 51, 52, 59, 60, 66)",[0.86521739 0.8209607  0.79475983 0.84279476 0.82532751],0.8298120372128347,"('0', '1', '2', '3', '4', '5', '6', '7', '39', '48', '49', '50', '51', '52', '59', '60', '66')",0.0301383860937129,0.02344868828986535,0.011724344144932673
13,"(0, 1, 2, 3, 39, 48, 49, 50, 51, 52, 59, 60, 66)",[0.86521739 0.8209607  0.79475983 0.84279476 0.82532751],0.8298120372128347,"('0', '1', '2', '3', '39', '48', '49', '50', '51', '52', '59', '60', '66')",0.0301383860937129,0.02344868828986535,0.011724344144932673
9,"(39, 48, 49, 50, 51, 52, 59, 60, 66)",[0.86521739 0.8209607  0.79475983 0.84279476 0.82532751],0.8298120372128347,"('39', '48', '49', '50', '51', '52', '59', '60', '66')",0.0301383860937129,0.02344868828986535,0.011724344144932673
10,"(0, 39, 48, 49, 50, 51, 52, 59, 60, 66)",[0.86521739 0.8209607  0.79475983 0.84279476 0.82532751],0.8298120372128347,"('0', '39', '48', '49', '50', '51', '52', '59', '60', '66')",0.0301383860937129,0.02344868828986535,0.011724344144932673
11,"(0, 1, 39, 48, 49, 50, 51, 52, 59, 60, 66)",[0.86521739 0.8209607  0.79475983 0.84279476 0.82532751],0.8298120372128347,"('0', '1', '39', '48', '49', '50', '51', '52', '59', '60', '66')",0.0301383860937129,0.02344868828986535,0.011724344144932673
12,"(0, 1, 2, 39, 48, 49, 50, 51, 52, 59, 60, 66)",[0.86521739 0.8209607  0.79475983 0.84279476 0.82532751],0.8298120372128347,"('0', '1', '2', '39', '48', '49', '50', '51', '52', '59', '60', '66')",0.0301383860937129,0.02344868828986535,0.011724344144932673
16,"(0, 1, 2, 3, 4, 5, 6, 39, 48, 49, 50, 51, 52, 59, 60, 66)",[0.86521739 0.8209607  0.79475983 0.84279476 0.82532751],0.8298120372128347,"('0', '1', '2', '3', '4', '5', '6', '39', '48', '49', '50', '51', '52', '59', '60', '66')",0.0301383860937129,0.02344868828986535,0.011724344144932673
8,"(39, 48, 49, 50, 51, 52, 59, 60)",[0.86521739 0.81659389 0.79475983 0.83842795 0.82532751],0.8280653123220049,"('39', '48', '49', '50', '51', '52', '59', '60')",0.03006595094477374,0.023392331283109143,0.011696165641554571
67,"(0, 1, 2, 3, 4, 5, 6, 7, 8, 9, 10, 11, 12, 13, 14, 15, 16, 17, 18, 19, 20, 21, 22, 23, 24, 25, 26, 27, 28, 29, 30, 31, 32, 33, 34, 35, 37, 38, 39, 40, 41, 42, 43, 44, 45, 46, 47, 48, 49, 50, 51, 52, 53, 54, 55, 56, 57, 58, 59, 60, 61, 62, 63, 64, 65, 66, 67)",[0.88695652 0.80786026 0.78165939 0.83842795 0.82532751],0.8280463261818873,"('0', '1', '2', '3', '4', '5', '6', '7', '8', '9', '10', '11', '12', '13', '14', '15', '16', '17', '18', '19', '20', '21', '22', '23', '24', '25', '26', '27', '28', '29', '30', '31', '32', '33', '34', '35', '37', '38', '39', '40', '41', '42', '43', '44', '45', '46', '47', '48', '49', '50', '51', '52', '53', '54', '55', '56', '57', '58', '59', '60', '61', '62', '63', '64', '65', '66', '67')",0.045057857374556746,0.03505654381425539,0.017528271907127694
7,"(39, 48, 49, 50, 51, 52, 59)",[0.86521739 0.81222707 0.79039301 0.83842795 0.82532751],0.8263185874311751,"('39', '48', '49', '50', '51', '52', '59')",0.032260307448404676,0.02509961519308648,0.012549807596543238
6,"(39, 48, 49, 50, 52, 59)",[0.86521739 0.81222707 0.7860262  0.83406114 0.82532751],0.8245718625403455,"('39', '48', '49', '50', '52', '59')",0.03342170690713891,0.026003223428882435,0.013001611714441218
5,"(39, 48, 49, 50, 52)",[0.86521739 0.80786026 0.77729258 0.83406114 0.8209607 ],0.8210784127586862,"('39', '48', '49', '50', '52')",0.0372899792637486,0.029012870741396142,0.014506435370698071
68,"(0, 1, 2, 3, 4, 5, 6, 7, 8, 9, 10, 11, 12, 13, 14, 15, 16, 17, 18, 19, 20, 21, 22, 23, 24, 25, 26, 27, 28, 29, 30, 31, 32, 33, 34, 35, 36, 37, 38, 39, 40, 41, 42, 43, 44, 45, 46, 47, 48, 49, 50, 51, 52, 53, 54, 55, 56, 57, 58, 59, 60, 61, 62, 63, 64, 65, 66, 67)",[0.87826087 0.79475983 0.79912664 0.81222707 0.8209607 ],0.8210670210746155,"('0', '1', '2', '3', '4', '5', '6', '7', '8', '9', '10', '11', '12', '13', '14', '15', '16', '17', '18', '19', '20', '21', '22', '23', '24', '25', '26', '27', '28', '29', '30', '31', '32', '33', '34', '35', '36', '37', '38', '39', '40', '41', '42', '43', '44', '45', '46', '47', '48', '49', '50', '51', '52', '53', '54', '55', '56', '57', '58', '59', '60', '61', '62', '63', '64', '65', '66', '67')",0.03865603514407377,0.030075708626101743,0.015037854313050871
4,"(39, 48, 49, 50)",[0.86086957 0.79475983 0.77292576 0.82532751 0.81659389],0.814095310423391,"('39', '48', '49', '50')",0.03808032480815651,0.029627786425815327,0.014813893212907662
3,"(39, 48, 49)",[0.84782609 0.7860262  0.75545852 0.80349345 0.79475983],0.7975128156445794,"('39', '48', '49')",0.038452668165413206,0.029917482207598926,0.014958741103799461
2,"(39, 49)",[0.76521739 0.72052402 0.71179039 0.73799127 0.72489083],0.7320827795709132,"('39', '49')",0.023907259539461826,0.018600660136963813,0.009300330068481907
1,"(39,)",[0.71304348 0.68122271 0.65502183 0.68122271 0.65938865],0.6779798746914751,"('39',)",0.026485686701499176,0.02060676406743767,0.010303382033718833
